Batch Size,Fetch Size,Trial #,Cache Size,Epoch,Node,Data Loading Time (s),Data Loading Time Per Batch (ms),Number of Misses,Number of Accesses,Miss Rate,Epoch Run Time (s)
512,1024,1,512,1,1,404.010,14428.880,6740,14000,48.143%,426.080
512,1024,1,512,1,2,403.990,14428.330,6749,14000,48.207%,426.080
512,1024,1,512,1,3,409.640,14629.820,6711,14000,47.936%,426.040
512,1024,1,512,2,1,366.090,13074.480,6739,14000,48.136%,380.340
512,1024,1,512,2,2,363.410,12978.870,6788,14000,48.486%,380.340
512,1024,1,512,2,3,368.370,13156.010,6763,14000,48.307%,380.340
512,1024,2,512,1,1,367.250,13116.100,6780,14000,48.429%,376.700
512,1024,2,512,1,2,362.390,12942.540,6834,14000,48.814%,376.700
512,1024,2,512,1,3,365.870,13066.690,6762,14000,48.300%,376.700
512,1024,2,512,2,1,358.560,12805.720,6757,14000,48.264%,368.280
512,1024,2,512,2,2,354.360,12655.590,6791,14000,48.507%,368.280
512,1024,2,512,2,3,358.660,12809.440,6780,14000,48.429%,368.280
512,1024,3,512,1,1,365.050,13037.520,6742,14000,48.157%,379.430
512,1024,3,512,1,2,364.230,13008.320,6750,14000,48.214%,379.430
512,1024,3,512,1,3,366.510,13089.690,6764,14000,48.314%,379.430
512,1024,3,512,2,1,362.780,12956.420,6768,14000,48.343%,375.020
512,1024,3,512,2,2,345.730,12347.530,6797,14000,48.550%,375.020
512,1024,3,512,2,3,349.680,12488.670,6757,14000,48.264%,375.020
512,1024,1,1024,1,1,164.896,5889.154,2943,14000,21.021%,176.002
512,1024,1,1024,1,2,169.046,6037.356,2965,14000,21.179%,176.002
512,1024,1,1024,1,3,170.243,6080.105,3024,14000,21.600%,176.002
512,1024,1,1024,2,1,165.860,5923.555,3256,14000,23.257%,175.304
512,1024,1,1024,2,2,166.997,5964.169,3198,14000,22.843%,175.304
512,1024,1,1024,2,3,167.850,5994.659,3224,14000,23.029%,175.304
512,1024,2,1024,1,1,165.458,5909.215,2762,14000,19.729%,194.635
512,1024,2,1024,1,2,173.715,6204.112,2889,14000,20.636%,194.636
512,1024,2,1024,1,3,180.869,6459.596,2994,14000,21.386%,194.635
512,1024,2,1024,2,1,166.962,5962.939,2937,14000,20.979%,176.212
512,1024,2,1024,2,2,167.775,5991.957,2903,14000,20.736%,176.212
512,1024,2,1024,2,3,169.203,6042.968,2948,14000,21.057%,176.212
512,1024,3,1024,1,1,165.652,5916.145,2714,14000,19.386%,175.466
512,1024,3,1024,1,2,166.779,5956.402,2735,14000,19.536%,175.465
512,1024,3,1024,1,3,169.957,6069.891,2765,14000,19.750%,175.465
512,1024,3,1024,2,1,168.614,6021.923,2484,14000,17.743%,178.978
512,1024,3,1024,2,2,170.516,6089.874,2496,14000,17.829%,178.978
512,1024,3,1024,2,3,172.609,6164.616,2536,14000,18.114%,178.978
512,1024,1,1536,1,1,164.820,5886.432,3012,14000,21.514%,174.550
512,1024,1,1536,1,2,165.372,5906.130,2961,14000,21.150%,174.551
512,1024,1,1536,1,3,168.472,6016.869,3029,14000,21.636%,174.550
512,1024,1,1536,2,1,165.306,5903.780,3258,14000,23.271%,176.138
512,1024,1,1536,2,2,169.856,6066.280,3282,14000,23.443%,176.138
512,1024,1,1536,2,3,169.623,6057.964,3268,14000,23.343%,176.138
512,1024,2,1536,1,1,165.158,5898.491,3090,14000,22.071%,177.125
512,1024,2,1536,1,2,169.484,6052.995,3134,14000,22.386%,177.125
512,1024,2,1536,1,3,170.239,6079.952,3144,14000,22.457%,177.126
512,1024,2,1536,2,1,165.338,5904.932,3282,14000,23.443%,174.005
512,1024,2,1536,2,2,167.718,5989.943,3316,14000,23.686%,174.005
512,1024,2,1536,2,3,168.027,6000.955,3315,14000,23.679%,174.006
512,1024,3,1536,1,1,163.043,5822.964,3089,14000,22.064%,173.125
512,1024,3,1536,1,2,167.025,5965.194,3085,14000,22.036%,173.126
512,1024,3,1536,1,3,167.265,5973.742,3103,14000,22.164%,173.125
512,1024,3,1536,2,1,164.200,5864.284,3212,14000,22.943%,175.674
512,1024,3,1536,2,2,168.054,6001.923,3254,14000,23.243%,175.673
512,1024,3,1536,2,3,168.647,6023.109,3344,14000,23.886%,175.675
512,1024,1,2048,1,1,166.700,5953.490,3145,14000,22.464%,173.740
512,1024,1,2048,1,2,163.970,5856.020,3052,14000,21.800%,173.740
512,1024,1,2048,1,3,168.030,6001.100,3189,14000,22.779%,173.740
512,1024,1,2048,2,1,166.990,5964.040,3395,14000,24.250%,173.100
512,1024,1,2048,2,2,163.040,5822.800,3273,14000,23.379%,173.100
512,1024,1,2048,2,3,166.830,5958.120,3342,14000,23.871%,173.100
512,1024,2,2048,1,1,167.730,5990.370,3124,14000,22.314%,172.750
512,1024,2,2048,1,2,162.700,5810.740,3064,14000,21.886%,172.750
512,1024,2,2048,1,3,165.330,5904.660,3088,14000,22.057%,172.750
512,1024,2,2048,2,1,186.080,6645.760,3239,14000,23.136%,192.970
512,1024,2,2048,2,2,180.750,6455.380,3208,14000,22.914%,192.970
512,1024,2,2048,2,3,179.030,6393.750,3238,14000,23.129%,192.970
512,1024,3,2048,1,1,180.090,6431.790,3253,14000,23.236%,186.730
512,1024,3,2048,1,2,168.680,6024.420,3045,14000,21.750%,186.730
512,1024,3,2048,1,3,167.690,5988.770,3291,14000,23.507%,186.730
512,1024,3,2048,2,1,205.380,7335.170,3067,14000,21.907%,212.990
512,1024,3,2048,2,2,200.010,7143.360,2831,14000,20.221%,212.990
512,1024,3,2048,2,3,197.300,7046.410,2916,14000,20.829%,212.990
512,1024,1,2560,1,1,168.154,6005.489,2804,14000,20.029%,179.796
512,1024,1,2560,1,2,170.031,6072.538,2813,14000,20.093%,179.894
512,1024,1,2560,1,3,173.162,6184.351,2828,14000,20.200%,179.880
512,1024,1,2560,2,1,168.663,6023.686,2998,14000,21.414%,180.080
512,1024,1,2560,2,2,170.579,6092.109,3024,14000,21.600%,180.080
512,1024,1,2560,2,3,174.823,6243.688,3047,14000,21.764%,180.080
512,1024,2,2560,1,1,169.663,6059.404,2974,14000,21.243%,179.338
512,1024,2,2560,1,2,167.853,5994.768,2966,14000,21.186%,179.338
512,1024,2,2560,1,3,172.741,6169.318,3013,14000,21.521%,179.338
512,1024,2,2560,2,1,169.934,6069.068,3143,14000,22.450%,179.904
512,1024,2,2560,2,2,170.909,6103.902,3130,14000,22.357%,179.903
512,1024,2,2560,2,3,172.535,6161.960,3150,14000,22.500%,179.904
512,1024,3,2560,1,1,169.369,6048.878,3037,14000,21.693%,176.873
512,1024,3,2560,1,2,166.091,5931.837,3034,14000,21.671%,176.874
512,1024,3,2560,1,3,171.531,6126.107,3016,14000,21.543%,176.873
512,1024,3,2560,2,1,168.714,6025.493,3248,14000,23.200%,179.473
512,1024,3,2560,2,2,169.431,6051.095,3205,14000,22.893%,179.473
512,1024,3,2560,2,3,173.356,6191.270,3291,14000,23.507%,179.472
512,1024,1,3072,1,1,168.290,6010.330,3246,14000,23.186%,173.610
512,1024,1,3072,1,2,160.250,5723.150,3143,14000,22.450%,173.610
512,1024,1,3072,1,3,161.610,5771.830,3114,14000,22.243%,173.610
512,1024,1,3072,2,1,169.550,6055.410,3431,14000,24.507%,175.710
512,1024,1,3072,2,2,164.780,5884.820,3380,14000,24.143%,175.710
512,1024,1,3072,2,3,168.230,6008.370,3400,14000,24.286%,175.710
512,1024,2,3072,1,1,170.730,6097.580,3148,14000,22.486%,180.960
512,1024,2,3072,1,2,165.240,5901.580,3044,14000,21.743%,180.960
512,1024,2,3072,1,3,173.900,6210.570,3091,14000,22.079%,180.960
512,1024,2,3072,2,1,170.980,6106.460,3412,14000,24.371%,177.000
512,1024,2,3072,2,2,165.500,5910.850,3239,14000,23.136%,177.000
512,1024,2,3072,2,3,170.310,6082.570,3342,14000,23.871%,177.000
512,1024,3,3072,1,1,168.790,6028.130,3177,14000,22.693%,174.150
512,1024,3,3072,1,2,163.960,5855.800,3088,14000,22.057%,174.150
512,1024,3,3072,1,3,166.830,5958.240,3110,14000,22.214%,174.150
512,1024,3,3072,2,1,169.940,6069.350,3362,14000,24.014%,175.970
512,1024,3,3072,2,2,165.230,5901.060,3283,14000,23.450%,175.970
512,1024,3,3072,2,3,167.670,5988.280,3343,14000,23.879%,175.960
1024,1024,1,512,1,1,355.070,25362.170,6777,14000,48.407%,365.930
1024,1024,1,512,1,2,353.520,25251.580,6797,14000,48.550%,365.930
1024,1024,1,512,1,3,356.290,25449.480,6791,14000,48.507%,365.930
1024,1024,1,512,2,1,346.150,24725.310,6795,14000,48.536%,359.690
1024,1024,1,512,2,2,348.650,24903.870,6815,14000,48.679%,359.690
1024,1024,1,512,2,3,348.400,24885.670,6704,14000,47.886%,359.690
1024,1024,2,512,1,1,350.120,25008.920,6748,14000,48.200%,365.710
1024,1024,2,512,1,2,351.580,25112.860,6823,14000,48.736%,365.710
1024,1024,2,512,1,3,355.720,25408.900,6795,14000,48.536%,365.710
1024,1024,2,512,2,1,343.040,24502.660,6741,14000,48.150%,355.160
1024,1024,2,512,2,2,340.960,24354.010,6675,14000,47.679%,355.160
1024,1024,2,512,2,3,344.100,24578.890,6719,14000,47.993%,355.160
1024,1024,3,512,1,1,366.960,26211.750,6810,14000,48.643%,382.330
1024,1024,3,512,1,2,366.470,26176.650,6769,14000,48.350%,382.330
1024,1024,3,512,1,3,368.070,26290.550,6772,14000,48.371%,382.330
1024,1024,3,512,2,1,370.750,26482.120,6755,14000,48.250%,392.900
1024,1024,3,512,2,2,373.510,26679.110,6784,14000,48.457%,392.900
1024,1024,3,512,2,3,382.630,27330.560,6727,14000,48.050%,392.900
1024,1024,1,1024,1,1,166.522,11894.424,3140,14000,22.429%,175.371
1024,1024,1,1024,1,2,169.297,12092.671,3151,14000,22.507%,175.371
1024,1024,1,1024,1,3,169.848,12131.966,3144,14000,22.457%,175.371
1024,1024,1,1024,2,1,169.193,12085.234,3254,14000,23.243%,178.883
1024,1024,1,1024,2,2,170.567,12183.330,3335,14000,23.821%,178.877
1024,1024,1,1024,2,3,172.489,12320.622,3286,14000,23.471%,178.884
1024,1024,2,1024,1,1,166.335,11881.050,2985,14000,21.321%,176.296
1024,1024,2,1024,1,2,168.581,12041.476,3065,14000,21.893%,176.295
1024,1024,2,1024,1,3,171.235,12231.079,3140,14000,22.429%,176.295
1024,1024,2,1024,2,1,170.555,12182.486,3250,14000,23.214%,179.368
1024,1024,2,1024,2,2,170.489,12177.812,3101,14000,22.150%,179.369
1024,1024,2,1024,2,3,171.493,12249.504,3247,14000,23.193%,179.368
1024,1024,3,1024,1,1,167.766,11983.276,2991,14000,21.364%,176.458
1024,1024,3,1024,1,2,170.422,12172.976,2991,14000,21.364%,176.458
1024,1024,3,1024,1,3,170.806,12200.430,2961,14000,21.150%,176.458
1024,1024,3,1024,2,1,166.783,11913.073,3197,14000,22.836%,180.649
1024,1024,3,1024,2,2,173.641,12402.939,3225,14000,23.036%,180.649
1024,1024,3,1024,2,3,172.254,12303.881,3226,14000,23.043%,180.649
1024,1024,1,1536,1,1,167.860,11989.800,2869,14000,20.493%,181.690
1024,1024,1,1536,1,2,168.820,12058.810,2913,14000,20.807%,181.690
1024,1024,1,1536,1,3,172.790,12342.150,2851,14000,20.364%,181.690
1024,1024,1,1536,2,1,170.700,12192.580,3236,14000,23.114%,179.300
1024,1024,1,1536,2,2,166.040,11859.700,3182,14000,22.729%,179.300
1024,1024,1,1536,2,3,173.800,12413.930,3260,14000,23.286%,179.300
1024,1024,2,1536,1,1,168.000,11999.870,3094,14000,22.100%,175.680
1024,1024,2,1536,1,2,165.030,11787.920,3030,14000,21.643%,175.680
1024,1024,2,1536,1,3,170.220,12158.880,3060,14000,21.857%,175.680
1024,1024,2,1536,2,1,170.450,12175.050,3148,14000,22.486%,178.700
1024,1024,2,1536,2,2,164.010,11715.110,3095,14000,22.107%,178.700
1024,1024,2,1536,2,3,173.580,12398.340,3149,14000,22.493%,178.700
1024,1024,3,1536,1,1,168.020,12001.580,3016,14000,21.543%,178.890
1024,1024,3,1536,1,2,162.710,11622.430,2895,14000,20.679%,178.890
1024,1024,3,1536,1,3,174.000,12428.830,3069,14000,21.921%,178.890
1024,1024,3,1536,2,1,168.450,12032.410,3126,14000,22.329%,179.580
1024,1024,3,1536,2,2,163.060,11647.240,3002,14000,21.443%,179.580
1024,1024,3,1536,2,3,174.740,12481.700,3177,14000,22.693%,179.580
1024,1024,1,2048,1,1,166.331,11880.772,3151,14000,22.507%,179.593
1024,1024,1,2048,1,2,170.785,12198.945,3157,14000,22.550%,179.592
1024,1024,1,2048,1,3,172.745,12338.924,3134,14000,22.386%,179.593
1024,1024,1,2048,2,1,167.859,11989.949,3288,14000,23.486%,176.195
1024,1024,1,2048,2,2,169.739,12124.244,3259,14000,23.279%,176.196
1024,1024,1,2048,2,3,170.825,12201.758,3291,14000,23.507%,176.195
1024,1024,2,2048,1,1,164.567,11754.755,3099,14000,22.136%,180.014
1024,1024,2,2048,1,2,170.415,12172.501,3257,14000,23.264%,180.014
1024,1024,2,2048,1,3,174.168,12440.576,3207,14000,22.907%,180.014
1024,1024,2,2048,2,1,164.715,11765.355,3311,14000,23.650%,178.212
1024,1024,2,2048,2,2,170.031,12145.048,3295,14000,23.536%,178.212
1024,1024,2,2048,2,3,170.881,12205.771,3343,14000,23.879%,178.211
1024,1024,3,2048,1,1,163.441,11674.387,3013,14000,21.521%,179.340
1024,1024,3,2048,1,2,171.213,12229.501,3104,14000,22.171%,179.340
1024,1024,3,2048,1,3,173.883,12420.227,3122,14000,22.300%,179.340
1024,1024,3,2048,2,1,164.830,11773.580,3331,14000,23.793%,177.171
1024,1024,3,2048,2,2,169.757,12125.503,3343,14000,23.879%,177.171
1024,1024,3,2048,2,3,171.730,12266.460,3309,14000,23.636%,177.171
1024,1024,1,2560,1,1,168.774,12055.264,3023,14000,21.593%,177.429
1024,1024,1,2560,1,2,169.937,12138.381,3103,14000,22.164%,177.430
1024,1024,1,2560,1,3,171.102,12221.540,3045,14000,21.750%,177.430
1024,1024,1,2560,2,1,169.003,12071.624,3265,14000,23.321%,175.446
1024,1024,1,2560,2,2,169.335,12095.322,3260,14000,23.286%,175.446
1024,1024,1,2560,2,3,169.175,12083.948,3333,14000,23.807%,175.446
1024,1024,2,2560,1,1,164.434,11745.264,3189,14000,22.779%,174.428
1024,1024,2,2560,1,2,168.441,12031.472,3180,14000,22.714%,174.428
1024,1024,2,2560,1,3,167.411,11957.901,3130,14000,22.357%,174.428
1024,1024,2,2560,2,1,168.399,12028.486,3358,14000,23.986%,176.720
1024,1024,2,2560,2,2,170.770,12197.827,3379,14000,24.136%,176.720
1024,1024,2,2560,2,3,170.217,12158.391,3292,14000,23.514%,176.720
1024,1024,3,2560,1,1,166.213,11872.372,3286,14000,23.471%,174.178
1024,1024,3,2560,1,2,166.740,11910.022,3230,14000,23.071%,174.178
1024,1024,3,2560,1,3,168.012,12000.876,3230,14000,23.071%,174.179
1024,1024,3,2560,2,1,165.919,11851.343,3358,14000,23.986%,177.556
1024,1024,3,2560,2,2,168.432,12030.826,3453,14000,24.664%,177.556
1024,1024,3,2560,2,3,172.120,12294.281,3445,14000,24.607%,177.555
1024,1024,1,3072,1,1,168.340,12024.130,2960,14000,21.143%,174.490
1024,1024,1,3072,1,2,165.300,11806.800,2955,14000,21.107%,174.490
1024,1024,1,3072,1,3,168.650,12046.480,2967,14000,21.193%,174.490
1024,1024,1,3072,2,1,170.610,12186.400,3092,14000,22.086%,176.040
1024,1024,1,3072,2,2,167.440,11959.710,3055,14000,21.821%,176.040
1024,1024,1,3072,2,3,167.150,11939.110,3054,14000,21.814%,176.040
1024,1024,2,3072,1,1,168.340,12024.190,3075,14000,21.964%,173.890
1024,1024,2,3072,1,2,164.950,11782.390,3085,14000,22.036%,173.890
1024,1024,2,3072,1,3,167.430,11959.320,3049,14000,21.779%,173.890
1024,1024,2,3072,2,1,170.430,12173.790,3206,14000,22.900%,175.720
1024,1024,2,3072,2,2,164.970,11783.660,3165,14000,22.607%,175.720
1024,1024,2,3072,2,3,169.230,12087.720,3154,14000,22.529%,175.720
1024,1024,3,3072,1,1,171.570,12255.010,3032,14000,21.657%,176.520
1024,1024,3,3072,1,2,164.460,11747.340,2938,14000,20.986%,176.520
1024,1024,3,3072,1,3,168.660,12047.270,2990,14000,21.357%,176.520
1024,1024,3,3072,2,1,171.950,12282.280,3177,14000,22.693%,176.740
1024,1024,3,3072,2,2,166.160,11868.830,3159,14000,22.564%,176.740
1024,1024,3,3072,2,3,168.070,12005.270,3149,14000,22.493%,176.740
512,1024,1,3500,1,1,164.840,5887.080,2681,14000,19.150%,173.250
512,1024,1,3500,1,2,165.430,5908.200,2686,14000,19.186%,173.250
512,1024,1,3500,1,3,164.930,5890.500,2761,14000,19.721%,173.170
512,1024,1,3500,2,1,166.470,5945.530,3033,14000,21.664%,173.500
512,1024,1,3500,2,2,166.420,5943.550,3024,14000,21.600%,173.500
512,1024,1,3500,2,3,166.130,5933.230,3078,14000,21.986%,173.500
512,1024,2,3500,1,1,162.950,5819.510,2914,14000,20.814%,169.140
512,1024,2,3500,1,2,162.820,5815.140,2986,14000,21.329%,169.140
512,1024,2,3500,1,3,162.580,5806.290,2919,14000,20.850%,169.140
512,1024,2,3500,2,1,164.730,5883.360,3250,14000,23.214%,172.700
512,1024,2,3500,2,2,165.600,5914.260,3204,14000,22.886%,172.700
512,1024,2,3500,2,3,164.800,5885.670,3234,14000,23.100%,172.700
512,1024,3,3500,1,1,164.980,5892.100,2997,14000,21.407%,171.760
512,1024,3,3500,1,2,163.740,5847.730,3002,14000,21.443%,171.760
512,1024,3,3500,1,3,165.770,5920.190,3057,14000,21.836%,171.760
512,1024,3,3500,2,1,163.790,5849.640,3183,14000,22.736%,170.970
512,1024,3,3500,2,2,163.370,5834.530,3171,14000,22.650%,170.970
512,1024,3,3500,2,3,164.840,5887.320,3275,14000,23.393%,170.970
512,1024,1,7000,1,1,168.724,6025.866,3211,14000,22.936%,174.888
512,1024,1,7000,1,2,167.680,5988.558,3122,14000,22.300%,174.887
512,1024,1,7000,1,3,166.986,5963.785,3096,14000,22.114%,174.888
512,1024,1,7000,2,1,174.237,6222.746,3410,14000,24.357%,181.427
512,1024,1,7000,2,2,171.196,6114.148,3328,14000,23.771%,181.427
512,1024,1,7000,2,3,171.567,6127.392,3355,14000,23.964%,181.427
512,1024,2,7000,1,1,170.068,6073.873,3132,14000,22.371%,175.318
512,1024,2,7000,1,2,168.081,6002.884,3034,14000,21.671%,175.318
512,1024,2,7000,1,3,166.756,5955.578,2983,14000,21.307%,175.319
512,1024,2,7000,2,1,172.640,6165.727,3266,14000,23.329%,180.256
512,1024,2,7000,2,2,172.009,6143.169,3238,14000,23.129%,180.256
512,1024,2,7000,2,3,171.464,6123.717,3213,14000,22.950%,180.256
512,1024,3,7000,1,1,171.748,6133.844,3160,14000,22.571%,180.997
512,1024,3,7000,1,2,173.693,6203.331,3115,14000,22.250%,180.997
512,1024,3,7000,1,3,169.239,6044.267,3048,14000,21.771%,180.998
512,1024,3,7000,2,1,173.955,6212.683,3359,14000,23.993%,180.722
512,1024,3,7000,2,2,173.198,6185.654,3346,14000,23.900%,180.722
512,1024,3,7000,2,3,172.018,6143.487,3271,14000,23.364%,180.722
512,1024,1,10500,1,1,168.076,6002.710,3031,14000,21.650%,178.269
512,1024,1,10500,1,2,170.092,6074.731,3011,14000,21.507%,178.269
512,1024,1,10500,1,3,170.667,6095.256,2999,14000,21.421%,178.269
512,1024,1,10500,2,1,173.614,6200.483,3084,14000,22.029%,183.787
512,1024,1,10500,2,2,174.254,6223.342,3100,14000,22.143%,183.787
512,1024,1,10500,2,3,176.482,6302.924,3127,14000,22.336%,183.787
512,1024,2,10500,1,1,166.873,5959.734,2887,14000,20.621%,174.039
512,1024,2,10500,1,2,167.915,5996.978,2998,14000,21.414%,174.040
512,1024,2,10500,1,3,167.548,5983.854,2965,14000,21.179%,174.039
512,1024,2,10500,2,1,172.822,6172.203,3084,14000,22.029%,181.374
512,1024,2,10500,2,2,172.289,6153.162,3044,14000,21.743%,181.374
512,1024,2,10500,2,3,173.066,6180.941,3045,14000,21.750%,181.374
512,1024,3,10500,1,1,170.881,6102.894,3080,14000,22.000%,180.257
512,1024,3,10500,1,2,172.145,6148.019,3141,14000,22.436%,180.257
512,1024,3,10500,1,3,169.337,6047.754,3073,14000,21.950%,180.257
512,1024,3,10500,2,1,172.329,6154.595,3125,14000,22.321%,183.456
512,1024,3,10500,2,2,173.702,6203.640,3164,14000,22.600%,183.456
512,1024,3,10500,2,3,174.612,6236.129,3112,14000,22.229%,183.456
1024,1024,1,3500,1,1,164.540,11752.600,2936,14000,20.971%,169.950
1024,1024,1,3500,1,2,163.700,11692.900,2932,14000,20.943%,169.950
1024,1024,1,3500,1,3,162.490,11606.080,2911,14000,20.793%,169.950
1024,1024,1,3500,2,1,163.580,11684.200,3095,14000,22.107%,172.220
1024,1024,1,3500,2,2,164.050,11717.680,3071,14000,21.936%,172.220
1024,1024,1,3500,2,3,164.600,11756.890,3029,14000,21.636%,172.220
1024,1024,2,3500,1,1,161.080,11505.810,2854,14000,20.386%,167.280
1024,1024,2,3500,1,2,161.110,11508.150,2852,14000,20.371%,167.280
1024,1024,2,3500,1,3,160.830,11487.790,2870,14000,20.500%,167.280
1024,1024,2,3500,2,1,167.440,11959.920,3019,14000,21.564%,172.940
1024,1024,2,3500,2,2,163.170,11654.840,3018,14000,21.557%,172.940
1024,1024,2,3500,2,3,166.390,11884.990,3015,14000,21.536%,172.940
1024,1024,3,3500,1,1,169.680,12120.210,2837,14000,20.264%,174.930
1024,1024,3,3500,1,2,164.420,11744.630,2756,14000,19.686%,174.930
1024,1024,3,3500,1,3,165.970,11854.940,2743,14000,19.593%,174.930
1024,1024,3,3500,2,1,171.330,12238.150,2779,14000,19.850%,176.650
1024,1024,3,3500,2,2,167.490,11963.840,2851,14000,20.364%,176.650
1024,1024,3,3500,2,3,168.490,12034.780,2809,14000,20.064%,176.650
1024,1024,1,7000,1,1,167.0233636,11930.24026,3093,14000,22.093%,179.2579789
1024,1024,1,7000,1,2,169.5024104,12107.31503,3077,14000,21.979%,179.2584722
1024,1024,1,7000,1,3,172.6585331,12332.75236,3147,14000,22.479%,179.2577219
1024,1024,1,7000,2,1,171.7441227,12267.43734,3402,14000,24.300%,181.3124352
1024,1024,1,7000,2,2,173.1207299,12365.76642,3363,14000,24.021%,181.3122146
1024,1024,1,7000,2,3,173.2293127,12373.52233,3349,14000,23.921%,181.3124845
1024,1024,2,7000,1,1,181.2568944,12946.92103,3145,14000,22.464%,187.4417546
1024,1024,2,7000,1,2,177.9110034,12707.92881,3317,14000,23.693%,187.4413171
1024,1024,2,7000,1,3,178.0823417,12720.16726,3094,14000,22.100%,187.44222
1024,1024,2,7000,2,1,169.3764715,12098.31939,3420,14000,24.429%,178.2590618
1024,1024,2,7000,2,2,172.7260857,12337.57755,3504,14000,25.029%,178.2595277
1024,1024,2,7000,2,3,171.9461846,12281.87033,3359,14000,23.993%,178.2595909
1024,1024,3,7000,1,1,164.3984387,11742.74562,3080,14000,22.000%,174.2451627
1024,1024,3,7000,1,2,168.776376,12055.45543,3142,14000,22.443%,174.2456231
1024,1024,3,7000,1,3,167.5622993,11968.73566,3088,14000,22.057%,174.2446527
1024,1024,3,7000,2,1,166.5251236,11894.65169,3237,14000,23.121%,179.3350649
1024,1024,3,7000,2,2,173.9702842,12426.44887,3351,14000,23.936%,179.3353636
1024,1024,3,7000,2,3,170.1464386,12153.31704,3310,14000,23.643%,179.3360491
1024,1024,1,10500,1,1,169.540,12110.060,2972,14000,21.229%,174.980
1024,1024,1,10500,1,2,165.190,11799.060,2890,14000,20.643%,174.980
1024,1024,1,10500,1,3,168.670,12048.070,2956,14000,21.114%,174.980
1024,1024,1,10500,2,1,174.610,12472.490,3281,14000,23.436%,180.490
1024,1024,1,10500,2,2,168.120,12008.670,3160,14000,22.571%,180.490
1024,1024,1,10500,2,3,173.710,12407.660,3286,14000,23.471%,180.490
1024,1024,2,10500,1,1,171.100,12221.380,3178,14000,22.700%,176.640
1024,1024,2,10500,1,2,164.230,11730.690,3103,14000,22.164%,176.640
1024,1024,2,10500,1,3,170.970,12212.110,3094,14000,22.100%,176.640
1024,1024,2,10500,2,1,175.620,12544.110,3153,14000,22.521%,181.770
1024,1024,2,10500,2,2,170.020,12144.170,3076,14000,21.971%,181.770
1024,1024,2,10500,2,3,175.380,12527.370,3113,14000,22.236%,181.770
1024,1024,3,10500,1,1,170.090,12149.340,3051,14000,21.793%,176.730
1024,1024,3,10500,1,2,168.850,12060.560,3048,14000,21.771%,176.730
1024,1024,3,10500,1,3,170.260,12161.290,3076,14000,21.971%,176.740
1024,1024,3,10500,2,1,173.660,12404.060,3293,14000,23.521%,180.190
1024,1024,3,10500,2,2,171.630,12259.560,3189,14000,22.779%,180.190
1024,1024,3,10500,2,3,171.260,12232.900,3235,14000,23.107%,180.180
,,,,,,,,,,,179.636
,,,,,,,,,,,178.889
,,,,,,,,,,,358.525
,,,,,,,,,,,
,,,,,,,,,,,
,,,,,,,,,,,
,,,,,,,,,,,
,,,,,,,,,,,
,,,,,,,,,,,
,,,,,,,,,,,
,,,,,,,,,,,
,,,,,,,,,,,
,,,,,,,,,,,
,,,,,,,,,,,
,,,,,,,,,,,
,,,,,,,,,,,
,,,,,,,,,,,
,,,,,,,,,,,
,,,,,,,,,,,
,,,,,,,,,,,
,,,,,,,,,,,
,,,,,,,,,,,
,,,,,,,,,,,
,,,,,,,,,,,
,,,,,,,,,,,
,,,,,,,,,,,
,,,,,,,,,,,
,,,,,,,,,,,
,,,,,,,,,,,
,,,,,,,,,,,
,,,,,,,,,,,
,,,,,,,,,,,
,,,,,,,,,,,
,,,,,,,,,,,
,,,,,,,,,,,
,,,,,,,,,,,
,,,,,,,,,,,
,,,,,,,,,,,
,,,,,,,,,,,
,,,,,,,,,,,
,,,,,,,,,,,
,,,,,,,,,,,
,,,,,,,,,,,
,,,,,,,,,,,
,,,,,,,,,,,
,,,,,,,,,,,
,,,,,,,,,,,
,,,,,,,,,,,
,,,,,,,,,,,
,,,,,,,,,,,
,,,,,,,,,,,
,,,,,,,,,,,
,,,,,,,,,,,
,,,,,,,,,,,
,,,,,,,,,,,
,,,,,,,,,,,
,,,,,,,,,,,
,,,,,,,,,,,
,,,,,,,,,,,
,,,,,,,,,,,
,,,,,,,,,,,
,,,,,,,,,,,
,,,,,,,,,,,
,,,,,,,,,,,
,,,,,,,,,,,
,,,,,,,,,,,
,,,,,,,,,,,
,,,,,,,,,,,
,,,,,,,,,,,
,,,,,,,,,,,
,,,,,,,,,,,
,,,,,,,,,,,
,,,,,,,,,,,
,,,,,,,,,,,
,,,,,,,,,,,
,,,,,,,,,,,
,,,,,,,,,,,
,,,,,,,,,,,
,,,,,,,,,,,
,,,,,,,,,,,
,,,,,,,,,,,
,,,,,,,,,,,
,,,,,,,,,,,
,,,,,,,,,,,
,,,,,,,,,,,
,,,,,,,,,,,
,,,,,,,,,,,
,,,,,,,,,,,
,,,,,,,,,,,
,,,,,,,,,,,
,,,,,,,,,,,
,,,,,,,,,,,
,,,,,,,,,,,
,,,,,,,,,,,
,,,,,,,,,,,
,,,,,,,,,,,
,,,,,,,,,,,
,,,,,,,,,,,
,,,,,,,,,,,
,,,,,,,,,,,
,,,,,,,,,,,
,,,,,,,,,,,
,,,,,,,,,,,
,,,,,,,,,,,
,,,,,,,,,,,
,,,,,,,,,,,
,,,,,,,,,,,
,,,,,,,,,,,
,,,,,,,,,,,
,,,,,,,,,,,
,,,,,,,,,,,
,,,,,,,,,,,
,,,,,,,,,,,
,,,,,,,,,,,
,,,,,,,,,,,
,,,,,,,,,,,
,,,,,,,,,,,
,,,,,,,,,,,
,,,,,,,,,,,
,,,,,,,,,,,
,,,,,,,,,,,
,,,,,,,,,,,
,,,,,,,,,,,
,,,,,,,,,,,
,,,,,,,,,,,
,,,,,,,,,,,
,,,,,,,,,,,
,,,,,,,,,,,
,,,,,,,,,,,
,,,,,,,,,,,
,,,,,,,,,,,
,,,,,,,,,,,
,,,,,,,,,,,
,,,,,,,,,,,
,,,,,,,,,,,
,,,,,,,,,,,
,,,,,,,,,,,
,,,,,,,,,,,
,,,,,,,,,,,
,,,,,,,,,,,
,,,,,,,,,,,
,,,,,,,,,,,
,,,,,,,,,,,
,,,,,,,,,,,
,,,,,,,,,,,
,,,,,,,,,,,
,,,,,,,,,,,
,,,,,,,,,,,
,,,,,,,,,,,
,,,,,,,,,,,
,,,,,,,,,,,
,,,,,,,,,,,
,,,,,,,,,,,
,,,,,,,,,,,
,,,,,,,,,,,
,,,,,,,,,,,
,,,,,,,,,,,
,,,,,,,,,,,
,,,,,,,,,,,
,,,,,,,,,,,
,,,,,,,,,,,
,,,,,,,,,,,
,,,,,,,,,,,
,,,,,,,,,,,
,,,,,,,,,,,
,,,,,,,,,,,
,,,,,,,,,,,
,,,,,,,,,,,
,,,,,,,,,,,
,,,,,,,,,,,
,,,,,,,,,,,
,,,,,,,,,,,
,,,,,,,,,,,
,,,,,,,,,,,
,,,,,,,,,,,
,,,,,,,,,,,
,,,,,,,,,,,
,,,,,,,,,,,
,,,,,,,,,,,
,,,,,,,,,,,
,,,,,,,,,,,
,,,,,,,,,,,
,,,,,,,,,,,
,,,,,,,,,,,
,,,,,,,,,,,
,,,,,,,,,,,
,,,,,,,,,,,
,,,,,,,,,,,
,,,,,,,,,,,
,,,,,,,,,,,
,,,,,,,,,,,
,,,,,,,,,,,
,,,,,,,,,,,
,,,,,,,,,,,
,,,,,,,,,,,
,,,,,,,,,,,
,,,,,,,,,,,
,,,,,,,,,,,
,,,,,,,,,,,
,,,,,,,,,,,
,,,,,,,,,,,
,,,,,,,,,,,
,,,,,,,,,,,
,,,,,,,,,,,
,,,,,,,,,,,
,,,,,,,,,,,
,,,,,,,,,,,
,,,,,,,,,,,
,,,,,,,,,,,
,,,,,,,,,,,
,,,,,,,,,,,
,,,,,,,,,,,
,,,,,,,,,,,
,,,,,,,,,,,
,,,,,,,,,,,
,,,,,,,,,,,
,,,,,,,,,,,
,,,,,,,,,,,
,,,,,,,,,,,
,,,,,,,,,,,
,,,,,,,,,,,
,,,,,,,,,,,
,,,,,,,,,,,
,,,,,,,,,,,
,,,,,,,,,,,
,,,,,,,,,,,
,,,,,,,,,,,
,,,,,,,,,,,
,,,,,,,,,,,
,,,,,,,,,,,
,,,,,,,,,,,
,,,,,,,,,,,
,,,,,,,,,,,
,,,,,,,,,,,
,,,,,,,,,,,
,,,,,,,,,,,
,,,,,,,,,,,
,,,,,,,,,,,
,,,,,,,,,,,
,,,,,,,,,,,
,,,,,,,,,,,
,,,,,,,,,,,
,,,,,,,,,,,
,,,,,,,,,,,
,,,,,,,,,,,
,,,,,,,,,,,
,,,,,,,,,,,
,,,,,,,,,,,
,,,,,,,,,,,
,,,,,,,,,,,
,,,,,,,,,,,
,,,,,,,,,,,
,,,,,,,,,,,
,,,,,,,,,,,
,,,,,,,,,,,
,,,,,,,,,,,
,,,,,,,,,,,
,,,,,,,,,,,
,,,,,,,,,,,
,,,,,,,,,,,
,,,,,,,,,,,
,,,,,,,,,,,
,,,,,,,,,,,
,,,,,,,,,,,
,,,,,,,,,,,
,,,,,,,,,,,
,,,,,,,,,,,
,,,,,,,,,,,
,,,,,,,,,,,
,,,,,,,,,,,
,,,,,,,,,,,
,,,,,,,,,,,
,,,,,,,,,,,
,,,,,,,,,,,
,,,,,,,,,,,
,,,,,,,,,,,
,,,,,,,,,,,
,,,,,,,,,,,
,,,,,,,,,,,
,,,,,,,,,,,
,,,,,,,,,,,
,,,,,,,,,,,
,,,,,,,,,,,
,,,,,,,,,,,
,,,,,,,,,,,
,,,,,,,,,,,
,,,,,,,,,,,
,,,,,,,,,,,
,,,,,,,,,,,
,,,,,,,,,,,
,,,,,,,,,,,
,,,,,,,,,,,
,,,,,,,,,,,
,,,,,,,,,,,
,,,,,,,,,,,
,,,,,,,,,,,
,,,,,,,,,,,
,,,,,,,,,,,
,,,,,,,,,,,
,,,,,,,,,,,
,,,,,,,,,,,
,,,,,,,,,,,
,,,,,,,,,,,
,,,,,,,,,,,
,,,,,,,,,,,
,,,,,,,,,,,
,,,,,,,,,,,
,,,,,,,,,,,
,,,,,,,,,,,
,,,,,,,,,,,
,,,,,,,,,,,
,,,,,,,,,,,
,,,,,,,,,,,
,,,,,,,,,,,
,,,,,,,,,,,
,,,,,,,,,,,
,,,,,,,,,,,
,,,,,,,,,,,
,,,,,,,,,,,
,,,,,,,,,,,
,,,,,,,,,,,
,,,,,,,,,,,
,,,,,,,,,,,
,,,,,,,,,,,
,,,,,,,,,,,
,,,,,,,,,,,
,,,,,,,,,,,
,,,,,,,,,,,
,,,,,,,,,,,
,,,,,,,,,,,
,,,,,,,,,,,
,,,,,,,,,,,
,,,,,,,,,,,
,,,,,,,,,,,
,,,,,,,,,,,
,,,,,,,,,,,
,,,,,,,,,,,
,,,,,,,,,,,
,,,,,,,,,,,
,,,,,,,,,,,
,,,,,,,,,,,
,,,,,,,,,,,
,,,,,,,,,,,
,,,,,,,,,,,
,,,,,,,,,,,
,,,,,,,,,,,
,,,,,,,,,,,
,,,,,,,,,,,
,,,,,,,,,,,
,,,,,,,,,,,
,,,,,,,,,,,
,,,,,,,,,,,
,,,,,,,,,,,
,,,,,,,,,,,
,,,,,,,,,,,
,,,,,,,,,,,
,,,,,,,,,,,
,,,,,,,,,,,
,,,,,,,,,,,
,,,,,,,,,,,
,,,,,,,,,,,
,,,,,,,,,,,
,,,,,,,,,,,
,,,,,,,,,,,
,,,,,,,,,,,
,,,,,,,,,,,
,,,,,,,,,,,
,,,,,,,,,,,
,,,,,,,,,,,
,,,,,,,,,,,
,,,,,,,,,,,
,,,,,,,,,,,
,,,,,,,,,,,
,,,,,,,,,,,
,,,,,,,,,,,
,,,,,,,,,,,
,,,,,,,,,,,
,,,,,,,,,,,
,,,,,,,,,,,
,,,,,,,,,,,
,,,,,,,,,,,
,,,,,,,,,,,
,,,,,,,,,,,
,,,,,,,,,,,
,,,,,,,,,,,
,,,,,,,,,,,
,,,,,,,,,,,
,,,,,,,,,,,
,,,,,,,,,,,
,,,,,,,,,,,
,,,,,,,,,,,
,,,,,,,,,,,
,,,,,,,,,,,
,,,,,,,,,,,
,,,,,,,,,,,
,,,,,,,,,,,
,,,,,,,,,,,
,,,,,,,,,,,
,,,,,,,,,,,
,,,,,,,,,,,
,,,,,,,,,,,
,,,,,,,,,,,
,,,,,,,,,,,
,,,,,,,,,,,
,,,,,,,,,,,
,,,,,,,,,,,
,,,,,,,,,,,
,,,,,,,,,,,
,,,,,,,,,,,
,,,,,,,,,,,
,,,,,,,,,,,
,,,,,,,,,,,
,,,,,,,,,,,
,,,,,,,,,,,
,,,,,,,,,,,
,,,,,,,,,,,
,,,,,,,,,,,
,,,,,,,,,,,
,,,,,,,,,,,
,,,,,,,,,,,
,,,,,,,,,,,
,,,,,,,,,,,
,,,,,,,,,,,
,,,,,,,,,,,
,,,,,,,,,,,
,,,,,,,,,,,
,,,,,,,,,,,
,,,,,,,,,,,
,,,,,,,,,,,
,,,,,,,,,,,
,,,,,,,,,,,
,,,,,,,,,,,
,,,,,,,,,,,
,,,,,,,,,,,
,,,,,,,,,,,
,,,,,,,,,,,
,,,,,,,,,,,
,,,,,,,,,,,
,,,,,,,,,,,
,,,,,,,,,,,
,,,,,,,,,,,
,,,,,,,,,,,
,,,,,,,,,,,
,,,,,,,,,,,
,,,,,,,,,,,
,,,,,,,,,,,
,,,,,,,,,,,
,,,,,,,,,,,
,,,,,,,,,,,
,,,,,,,,,,,
,,,,,,,,,,,
,,,,,,,,,,,
,,,,,,,,,,,
,,,,,,,,,,,
,,,,,,,,,,,
,,,,,,,,,,,
,,,,,,,,,,,
,,,,,,,,,,,
,,,,,,,,,,,
,,,,,,,,,,,
,,,,,,,,,,,
,,,,,,,,,,,
,,,,,,,,,,,
,,,,,,,,,,,
,,,,,,,,,,,
,,,,,,,,,,,
,,,,,,,,,,,
,,,,,,,,,,,
,,,,,,,,,,,
,,,,,,,,,,,
,,,,,,,,,,,
,,,,,,,,,,,
,,,,,,,,,,,
,,,,,,,,,,,
,,,,,,,,,,,
,,,,,,,,,,,
,,,,,,,,,,,
,,,,,,,,,,,
,,,,,,,,,,,
,,,,,,,,,,,
,,,,,,,,,,,
,,,,,,,,,,,
,,,,,,,,,,,
,,,,,,,,,,,
,,,,,,,,,,,
,,,,,,,,,,,
,,,,,,,,,,,
,,,,,,,,,,,
,,,,,,,,,,,
,,,,,,,,,,,
,,,,,,,,,,,
,,,,,,,,,,,
,,,,,,,,,,,
,,,,,,,,,,,
,,,,,,,,,,,
,,,,,,,,,,,
,,,,,,,,,,,
,,,,,,,,,,,
,,,,,,,,,,,
,,,,,,,,,,,
,,,,,,,,,,,
,,,,,,,,,,,
,,,,,,,,,,,
,,,,,,,,,,,
,,,,,,,,,,,
,,,,,,,,,,,
,,,,,,,,,,,
,,,,,,,,,,,
,,,,,,,,,,,
,,,,,,,,,,,
,,,,,,,,,,,
,,,,,,,,,,,
,,,,,,,,,,,
,,,,,,,,,,,
,,,,,,,,,,,
,,,,,,,,,,,
,,,,,,,,,,,
,,,,,,,,,,,
,,,,,,,,,,,
,,,,,,,,,,,
,,,,,,,,,,,
,,,,,,,,,,,
,,,,,,,,,,,
,,,,,,,,,,,
,,,,,,,,,,,
,,,,,,,,,,,
,,,,,,,,,,,
,,,,,,,,,,,
,,,,,,,,,,,
,,,,,,,,,,,
,,,,,,,,,,,
,,,,,,,,,,,
,,,,,,,,,,,
,,,,,,,,,,,
,,,,,,,,,,,
,,,,,,,,,,,
,,,,,,,,,,,
,,,,,,,,,,,
,,,,,,,,,,,
,,,,,,,,,,,
,,,,,,,,,,,
,,,,,,,,,,,
,,,,,,,,,,,
,,,,,,,,,,,
,,,,,,,,,,,
,,,,,,,,,,,
,,,,,,,,,,,
,,,,,,,,,,,
,,,,,,,,,,,
,,,,,,,,,,,
,,,,,,,,,,,
,,,,,,,,,,,
,,,,,,,,,,,
,,,,,,,,,,,
,,,,,,,,,,,
,,,,,,,,,,,
,,,,,,,,,,,
,,,,,,,,,,,
,,,,,,,,,,,
,,,,,,,,,,,
,,,,,,,,,,,
,,,,,,,,,,,
,,,,,,,,,,,
,,,,,,,,,,,
,,,,,,,,,,,
,,,,,,,,,,,
,,,,,,,,,,,
,,,,,,,,,,,
,,,,,,,,,,,
,,,,,,,,,,,
,,,,,,,,,,,
,,,,,,,,,,,
,,,,,,,,,,,
,,,,,,,,,,,
,,,,,,,,,,,
,,,,,,,,,,,
,,,,,,,,,,,
,,,,,,,,,,,
,,,,,,,,,,,
,,,,,,,,,,,
,,,,,,,,,,,
,,,,,,,,,,,
,,,,,,,,,,,
,,,,,,,,,,,
,,,,,,,,,,,
,,,,,,,,,,,
,,,,,,,,,,,
,,,,,,,,,,,
,,,,,,,,,,,
,,,,,,,,,,,
,,,,,,,,,,,
,,,,,,,,,,,
,,,,,,,,,,,
,,,,,,,,,,,
,,,,,,,,,,,
,,,,,,,,,,,
,,,,,,,,,,,
,,,,,,,,,,,
,,,,,,,,,,,
,,,,,,,,,,,
,,,,,,,,,,,
,,,,,,,,,,,
,,,,,,,,,,,
,,,,,,,,,,,
,,,,,,,,,,,
,,,,,,,,,,,
,,,,,,,,,,,
,,,,,,,,,,,
,,,,,,,,,,,
,,,,,,,,,,,
,,,,,,,,,,,
,,,,,,,,,,,
,,,,,,,,,,,
,,,,,,,,,,,
,,,,,,,,,,,
,,,,,,,,,,,
,,,,,,,,,,,
,,,,,,,,,,,
,,,,,,,,,,,
,,,,,,,,,,,
,,,,,,,,,,,
,,,,,,,,,,,
,,,,,,,,,,,
,,,,,,,,,,,
,,,,,,,,,,,
,,,,,,,,,,,
,,,,,,,,,,,
,,,,,,,,,,,
,,,,,,,,,,,
,,,,,,,,,,,
,,,,,,,,,,,
,,,,,,,,,,,
,,,,,,,,,,,
,,,,,,,,,,,
,,,,,,,,,,,
,,,,,,,,,,,
,,,,,,,,,,,
,,,,,,,,,,,
,,,,,,,,,,,
,,,,,,,,,,,
,,,,,,,,,,,
,,,,,,,,,,,
,,,,,,,,,,,
,,,,,,,,,,,
,,,,,,,,,,,
,,,,,,,,,,,
,,,,,,,,,,,
,,,,,,,,,,,
,,,,,,,,,,,
,,,,,,,,,,,
,,,,,,,,,,,
,,,,,,,,,,,
,,,,,,,,,,,
,,,,,,,,,,,
,,,,,,,,,,,
,,,,,,,,,,,
,,,,,,,,,,,
,,,,,,,,,,,
,,,,,,,,,,,
,,,,,,,,,,,
,,,,,,,,,,,
,,,,,,,,,,,
,,,,,,,,,,,
,,,,,,,,,,,
,,,,,,,,,,,
,,,,,,,,,,,
,,,,,,,,,,,
,,,,,,,,,,,
,,,,,,,,,,,
,,,,,,,,,,,
,,,,,,,,,,,
,,,,,,,,,,,
,,,,,,,,,,,
,,,,,,,,,,,
,,,,,,,,,,,
,,,,,,,,,,,
,,,,,,,,,,,
,,,,,,,,,,,
,,,,,,,,,,,
,,,,,,,,,,,
,,,,,,,,,,,
,,,,,,,,,,,
,,,,,,,,,,,
,,,,,,,,,,,
,,,,,,,,,,,
,,,,,,,,,,,
,,,,,,,,,,,
,,,,,,,,,,,
,,,,,,,,,,,
,,,,,,,,,,,
,,,,,,,,,,,
,,,,,,,,,,,
,,,,,,,,,,,
,,,,,,,,,,,
,,,,,,,,,,,
,,,,,,,,,,,
,,,,,,,,,,,
,,,,,,,,,,,
,,,,,,,,,,,
,,,,,,,,,,,
,,,,,,,,,,,
,,,,,,,,,,,
,,,,,,,,,,,
,,,,,,,,,,,
,,,,,,,,,,,
,,,,,,,,,,,
,,,,,,,,,,,
,,,,,,,,,,,
,,,,,,,,,,,
,,,,,,,,,,,
,,,,,,,,,,,
,,,,,,,,,,,
,,,,,,,,,,,
,,,,,,,,,,,
,,,,,,,,,,,
,,,,,,,,,,,
,,,,,,,,,,,
,,,,,,,,,,,
,,,,,,,,,,,
,,,,,,,,,,,
,,,,,,,,,,,
,,,,,,,,,,,
,,,,,,,,,,,
,,,,,,,,,,,
,,,,,,,,,,,
,,,,,,,,,,,
,,,,,,,,,,,
,,,,,,,,,,,
,,,,,,,,,,,
,,,,,,,,,,,
,,,,,,,,,,,
,,,,,,,,,,,
,,,,,,,,,,,
,,,,,,,,,,,
,,,,,,,,,,,
,,,,,,,,,,,
,,,,,,,,,,,
,,,,,,,,,,,
,,,,,,,,,,,
,,,,,,,,,,,
,,,,,,,,,,,
,,,,,,,,,,,
,,,,,,,,,,,
,,,,,,,,,,,
,,,,,,,,,,,
,,,,,,,,,,,
,,,,,,,,,,,
,,,,,,,,,,,
,,,,,,,,,,,
,,,,,,,,,,,
,,,,,,,,,,,
,,,,,,,,,,,
,,,,,,,,,,,
,,,,,,,,,,,
,,,,,,,,,,,
,,,,,,,,,,,
,,,,,,,,,,,
,,,,,,,,,,,
,,,,,,,,,,,
,,,,,,,,,,,
,,,,,,,,,,,
,,,,,,,,,,,
,,,,,,,,,,,
,,,,,,,,,,,
,,,,,,,,,,,
,,,,,,,,,,,
,,,,,,,,,,,
,,,,,,,,,,,
,,,,,,,,,,,
,,,,,,,,,,,
,,,,,,,,,,,
,,,,,,,,,,,
,,,,,,,,,,,
,,,,,,,,,,,
,,,,,,,,,,,
,,,,,,,,,,,
,,,,,,,,,,,
,,,,,,,,,,,
,,,,,,,,,,,
,,,,,,,,,,,
,,,,,,,,,,,
,,,,,,,,,,,
,,,,,,,,,,,
,,,,,,,,,,,
,,,,,,,,,,,
,,,,,,,,,,,
,,,,,,,,,,,
,,,,,,,,,,,
,,,,,,,,,,,
,,,,,,,,,,,
,,,,,,,,,,,
,,,,,,,,,,,
,,,,,,,,,,,
,,,,,,,,,,,
,,,,,,,,,,,
,,,,,,,,,,,
,,,,,,,,,,,
,,,,,,,,,,,
,,,,,,,,,,,
,,',\,,,,,,,,